timestamp,endpoint,method,user_agent,ip_address,response_status,response_time_ms
2025-11-10T17:34:32.576429,/docs,GET,"Mozilla/5.0 (Macintosh; Intel Mac OS X 10_15_7) AppleWebKit/537.36 (KHTML, like Gecko) Chrome/142.0.0.0 Safari/537.36",127.0.0.1,200,1
2025-11-10T17:34:32.960970,/openapi.json,GET,"Mozilla/5.0 (Macintosh; Intel Mac OS X 10_15_7) AppleWebKit/537.36 (KHTML, like Gecko) Chrome/142.0.0.0 Safari/537.36",127.0.0.1,200,17
2025-11-10T17:34:40.301533,/health,GET,"Mozilla/5.0 (Macintosh; Intel Mac OS X 10_15_7) AppleWebKit/537.36 (KHTML, like Gecko) Chrome/142.0.0.0 Safari/537.36",127.0.0.1,200,1
2025-11-10T17:34:48.855173,/health,GET,"Mozilla/5.0 (Macintosh; Intel Mac OS X 10_15_7) AppleWebKit/537.36 (KHTML, like Gecko) Chrome/142.0.0.0 Safari/537.36",127.0.0.1,200,0
2025-11-10T17:38:02.498031,/health,GET,curl/8.7.1,127.0.0.1,200,0
2025-11-10T17:39:31.361651,/docs,GET,"Mozilla/5.0 (Macintosh; Intel Mac OS X 10_15_7) AppleWebKit/537.36 (KHTML, like Gecko) Chrome/142.0.0.0 Safari/537.36",127.0.0.1,200,0
2025-11-10T17:39:31.519377,/openapi.json,GET,"Mozilla/5.0 (Macintosh; Intel Mac OS X 10_15_7) AppleWebKit/537.36 (KHTML, like Gecko) Chrome/142.0.0.0 Safari/537.36",127.0.0.1,200,17
2025-11-10T17:45:32.907286,/api/v1/chat,POST,curl/8.7.1,127.0.0.1,200,2409
2025-11-11T09:30:40.492355,/docs,GET,"Mozilla/5.0 (Macintosh; Intel Mac OS X 10_15_7) AppleWebKit/537.36 (KHTML, like Gecko) Chrome/142.0.0.0 Safari/537.36",127.0.0.1,200,2
2025-11-11T09:30:40.673446,/openapi.json,GET,"Mozilla/5.0 (Macintosh; Intel Mac OS X 10_15_7) AppleWebKit/537.36 (KHTML, like Gecko) Chrome/142.0.0.0 Safari/537.36",127.0.0.1,200,28
2025-11-11T09:30:57.756725,/health,GET,"Mozilla/5.0 (Macintosh; Intel Mac OS X 10_15_7) AppleWebKit/537.36 (KHTML, like Gecko) Chrome/142.0.0.0 Safari/537.36",127.0.0.1,200,2
2025-11-11T22:01:48.340235,/docs,GET,"Mozilla/5.0 (Macintosh; Intel Mac OS X 10_15_7) AppleWebKit/537.36 (KHTML, like Gecko) Chrome/142.0.0.0 Safari/537.36",127.0.0.1,200,2
2025-11-11T22:01:48.433681,/openapi.json,GET,"Mozilla/5.0 (Macintosh; Intel Mac OS X 10_15_7) AppleWebKit/537.36 (KHTML, like Gecko) Chrome/142.0.0.0 Safari/537.36",127.0.0.1,200,16
2025-11-11T22:01:52.343432,/health,GET,"Mozilla/5.0 (Macintosh; Intel Mac OS X 10_15_7) AppleWebKit/537.36 (KHTML, like Gecko) Chrome/142.0.0.0 Safari/537.36",127.0.0.1,200,0
2025-11-11T22:04:17.354482,/health,GET,curl/8.7.1,127.0.0.1,200,0
2025-11-11T22:07:24.955861,/api/v1/chat,POST,curl/8.7.1,127.0.0.1,422,1
2025-11-11T22:07:47.067236,/api/v1/chat,POST,curl/8.7.1,127.0.0.1,200,2728
2025-11-11T22:08:27.029343,/api/v1/chat,POST,curl/8.7.1,127.0.0.1,500,6635
2025-11-11T22:09:16.488899,/api/v1/documents,POST,curl/8.7.1,127.0.0.1,200,1
2025-11-11T22:10:25.880919,/,GET,"Mozilla/5.0 (Macintosh; Intel Mac OS X 10_15_7) AppleWebKit/537.36 (KHTML, like Gecko) Chrome/142.0.0.0 Safari/537.36",127.0.0.1,200,1
2025-11-11T22:15:02.480190,/health,GET,curl/8.7.1,127.0.0.1,200,0
2025-11-11T22:15:02.490096,/,GET,curl/8.7.1,127.0.0.1,200,0
2025-11-11T22:15:19.234632,/api/v1/chat,POST,curl/8.7.1,127.0.0.1,500,16724
2025-11-11T22:15:25.293649,/api/v1/chat,POST,curl/8.7.1,127.0.0.1,500,6047
2025-11-11T22:15:25.305199,/api/v1/documents,POST,curl/8.7.1,127.0.0.1,200,0
2025-11-11T22:15:25.319133,/docs,GET,curl/8.7.1,127.0.0.1,200,0
2025-11-11T22:15:36.716746,/redoc,GET,"Mozilla/5.0 (Macintosh; Intel Mac OS X 10_15_7) AppleWebKit/537.36 (KHTML, like Gecko) Chrome/142.0.0.0 Safari/537.36",127.0.0.1,200,2
2025-11-11T22:15:37.179200,/openapi.json,GET,"Mozilla/5.0 (Macintosh; Intel Mac OS X 10_15_7) AppleWebKit/537.36 (KHTML, like Gecko) Chrome/142.0.0.0 Safari/537.36",127.0.0.1,200,18
2025-11-14T12:51:12.343186,/api/v1/generate-api-key,POST,curl/8.7.1,127.0.0.1,200,0
2025-11-14T12:51:21.075538,/docs,GET,curl/8.7.1,127.0.0.1,200,0
2025-11-14T12:51:26.348807,/openapi.json,GET,curl/8.7.1,127.0.0.1,200,7
2025-11-14T12:51:30.183065,/health,GET,curl/8.7.1,127.0.0.1,200,0
2025-11-14T12:51:30.942315,/,GET,curl/8.7.1,127.0.0.1,200,0
2025-11-14T12:53:15.698432,/,GET,"Mozilla/5.0 (Macintosh; Intel Mac OS X 10_15_7) AppleWebKit/537.36 (KHTML, like Gecko) Chrome/142.0.0.0 Safari/537.36",127.0.0.1,200,1
2025-11-14T12:54:43.714417,/api/v1/generate-api-key,GET,"Mozilla/5.0 (Macintosh; Intel Mac OS X 10_15_7) AppleWebKit/537.36 (KHTML, like Gecko) Chrome/142.0.0.0 Safari/537.36",127.0.0.1,405,2
2025-11-14T12:55:26.532414,/api/v1/generate-api-key,POST,curl/8.7.1,127.0.0.1,200,0
2025-11-14T12:56:28.967201,/,GET,"Mozilla/5.0 (Macintosh; Intel Mac OS X 10_15_7) AppleWebKit/537.36 (KHTML, like Gecko) Chrome/142.0.0.0 Safari/537.36",127.0.0.1,200,2
2025-11-14T12:56:42.163631,/docs,GET,"Mozilla/5.0 (Macintosh; Intel Mac OS X 10_15_7) AppleWebKit/537.36 (KHTML, like Gecko) Chrome/142.0.0.0 Safari/537.36",127.0.0.1,200,0
2025-11-14T12:56:42.240504,/openapi.json,GET,"Mozilla/5.0 (Macintosh; Intel Mac OS X 10_15_7) AppleWebKit/537.36 (KHTML, like Gecko) Chrome/142.0.0.0 Safari/537.36",127.0.0.1,200,13
2025-11-14T12:56:49.823937,/,GET,"Mozilla/5.0 (Macintosh; Intel Mac OS X 10_15_7) AppleWebKit/537.36 (KHTML, like Gecko) Chrome/142.0.0.0 Safari/537.36",127.0.0.1,200,1
2025-11-14T12:56:56.558234,/,GET,"Mozilla/5.0 (Macintosh; Intel Mac OS X 10_15_7) AppleWebKit/537.36 (KHTML, like Gecko) Chrome/142.0.0.0 Safari/537.36",127.0.0.1,200,1
2025-11-14T12:57:12.822247,/docs,GET,"Mozilla/5.0 (Macintosh; Intel Mac OS X 10_15_7) AppleWebKit/537.36 (KHTML, like Gecko) Chrome/142.0.0.0 Safari/537.36",127.0.0.1,200,0
2025-11-14T12:57:12.971037,/openapi.json,GET,"Mozilla/5.0 (Macintosh; Intel Mac OS X 10_15_7) AppleWebKit/537.36 (KHTML, like Gecko) Chrome/142.0.0.0 Safari/537.36",127.0.0.1,200,0
2025-11-14T12:57:18.483249,/,GET,"Mozilla/5.0 (Macintosh; Intel Mac OS X 10_15_7) AppleWebKit/537.36 (KHTML, like Gecko) Chrome/142.0.0.0 Safari/537.36",127.0.0.1,200,0
2025-11-14T12:58:25.515742,/,GET,"Mozilla/5.0 (Macintosh; Intel Mac OS X 10_15_7) AppleWebKit/537.36 (KHTML, like Gecko) Chrome/142.0.0.0 Safari/537.36",127.0.0.1,200,0
2025-11-14T12:58:56.693107,/api/v1/generate-api-key,GET,curl/8.7.1,127.0.0.1,200,0
2025-11-14T12:58:57.415796,/api/v1/generate-api-key,POST,curl/8.7.1,127.0.0.1,200,0
2025-11-14T12:59:06.124059,/openapi.json,GET,curl/8.7.1,127.0.0.1,200,8
2025-11-14T12:59:56.477377,/api/v1/generate-api-key,GET,"Mozilla/5.0 (Macintosh; Intel Mac OS X 10_15_7) AppleWebKit/537.36 (KHTML, like Gecko) Chrome/142.0.0.0 Safari/537.36",127.0.0.1,200,1
2025-11-14T13:00:01.966636,/api/v1/generate-api-key,GET,"Mozilla/5.0 (Macintosh; Intel Mac OS X 10_15_7) AppleWebKit/537.36 (KHTML, like Gecko) Chrome/142.0.0.0 Safari/537.36",127.0.0.1,200,1
2025-11-14T13:01:46.255638,/api/v1/generate-api-key,GET,curl/8.7.1,127.0.0.1,200,0
2025-11-14T13:01:46.978888,/,GET,curl/8.7.1,127.0.0.1,200,0
2025-11-14T13:01:57.343493,/api/v1/generate-api-key,GET,Mozilla/5.0 (Macintosh; Intel Mac OS X 10_15_7) AppleWebKit/537.36,127.0.0.1,200,0
2025-11-14T13:01:58.075335,/,GET,Mozilla/5.0 (Macintosh; Intel Mac OS X 10_15_7) AppleWebKit/537.36,127.0.0.1,200,0
2025-11-14T13:02:23.192774,/api/v1/generate-api-key,GET,"Mozilla/5.0 (Macintosh; Intel Mac OS X 10_15_7) AppleWebKit/537.36 (KHTML, like Gecko) Chrome/142.0.0.0 Safari/537.36",127.0.0.1,200,1
2025-11-14T13:02:28.408912,/,GET,"Mozilla/5.0 (Macintosh; Intel Mac OS X 10_15_7) AppleWebKit/537.36 (KHTML, like Gecko) Chrome/142.0.0.0 Safari/537.36",127.0.0.1,200,1
2025-11-14T13:03:44.731995,/,GET,curl/8.7.1,127.0.0.1,200,0
2025-11-14T13:03:45.597681,/favicon.ico,GET,curl/8.7.1,127.0.0.1,204,0
2025-11-14T13:03:46.332717,/api/v1/generate-api-key,GET,curl/8.7.1,127.0.0.1,200,0
2025-11-14T13:03:55.151371,/,GET,curl/8.7.1,127.0.0.1,200,0
2025-11-14T13:03:55.159122,/favicon.ico,GET,curl/8.7.1,127.0.0.1,204,0
2025-11-14T13:04:25.849633,/,GET,"Mozilla/5.0 (Macintosh; Intel Mac OS X 10_15_7) AppleWebKit/537.36 (KHTML, like Gecko) Chrome/142.0.0.0 Safari/537.36",127.0.0.1,200,1
2025-11-14T13:04:25.894991,/favicon.ico,GET,"Mozilla/5.0 (Macintosh; Intel Mac OS X 10_15_7) AppleWebKit/537.36 (KHTML, like Gecko) Chrome/142.0.0.0 Safari/537.36",127.0.0.1,204,0
2025-11-14T13:04:36.311349,/api/v1/generate-api-key,GET,"Mozilla/5.0 (Macintosh; Intel Mac OS X 10_15_7) AppleWebKit/537.36 (KHTML, like Gecko) Chrome/142.0.0.0 Safari/537.36",127.0.0.1,200,2
2025-11-14T13:04:36.385410,/favicon.ico,GET,"Mozilla/5.0 (Macintosh; Intel Mac OS X 10_15_7) AppleWebKit/537.36 (KHTML, like Gecko) Chrome/142.0.0.0 Safari/537.36",127.0.0.1,204,0
2025-11-14T13:04:56.552387,/docs,GET,"Mozilla/5.0 (Macintosh; Intel Mac OS X 10_15_7) AppleWebKit/537.36 (KHTML, like Gecko) Chrome/142.0.0.0 Safari/537.36",127.0.0.1,200,0
2025-11-14T13:04:56.659592,/openapi.json,GET,"Mozilla/5.0 (Macintosh; Intel Mac OS X 10_15_7) AppleWebKit/537.36 (KHTML, like Gecko) Chrome/142.0.0.0 Safari/537.36",127.0.0.1,200,13
2025-11-14T13:05:01.080599,/health,GET,"Mozilla/5.0 (Macintosh; Intel Mac OS X 10_15_7) AppleWebKit/537.36 (KHTML, like Gecko) Chrome/142.0.0.0 Safari/537.36",127.0.0.1,200,0
2025-11-14T13:05:19.071051,/api/v1/generate-api-key,POST,"Mozilla/5.0 (Macintosh; Intel Mac OS X 10_15_7) AppleWebKit/537.36 (KHTML, like Gecko) Chrome/142.0.0.0 Safari/537.36",127.0.0.1,200,1
2025-11-14T13:05:21.933365,/api/v1/generate-api-key,POST,"Mozilla/5.0 (Macintosh; Intel Mac OS X 10_15_7) AppleWebKit/537.36 (KHTML, like Gecko) Chrome/142.0.0.0 Safari/537.36",127.0.0.1,200,0
2025-11-14T13:05:35.570358,/favicon.ico,GET,"Mozilla/5.0 (Macintosh; Intel Mac OS X 10_15_7) AppleWebKit/537.36 (KHTML, like Gecko) Chrome/142.0.0.0 Safari/537.36",127.0.0.1,204,1
2025-11-14T13:05:39.654582,/favicon.ico,GET,"Mozilla/5.0 (Macintosh; Intel Mac OS X 10_15_7) AppleWebKit/537.36 (KHTML, like Gecko) Chrome/142.0.0.0 Safari/537.36",127.0.0.1,204,0
2025-11-14T13:05:43.310742,/favicon.ico,GET,"Mozilla/5.0 (Macintosh; Intel Mac OS X 10_15_7) AppleWebKit/537.36 (KHTML, like Gecko) Chrome/142.0.0.0 Safari/537.36",127.0.0.1,204,0
2025-11-14T13:05:53.792957,/favicon.ico,GET,"Mozilla/5.0 (Macintosh; Intel Mac OS X 10_15_7) AppleWebKit/537.36 (KHTML, like Gecko) Chrome/142.0.0.0 Safari/537.36",127.0.0.1,204,0
2025-11-14T13:06:18.939791,/,GET,"Mozilla/5.0 (Macintosh; Intel Mac OS X 10_15_7) AppleWebKit/537.36 (KHTML, like Gecko) Chrome/142.0.0.0 Safari/537.36",127.0.0.1,200,0
2025-11-14T13:06:37.833640,/favicon.ico,GET,"Mozilla/5.0 (Macintosh; Intel Mac OS X 10_15_7) AppleWebKit/537.36 (KHTML, like Gecko) Chrome/142.0.0.0 Safari/537.36",127.0.0.1,204,0
2025-11-14T13:09:40.875693,/api/v1/generate-api-key,GET,curl/8.7.1,127.0.0.1,200,0
2025-11-14T13:10:05.606055,/api/v1/nonexistent-endpoint,GET,curl/8.7.1,127.0.0.1,404,0
2025-11-14T13:12:17.009667,/favicon.ico,GET,"Mozilla/5.0 (Macintosh; Intel Mac OS X 10_15_7) AppleWebKit/537.36 (KHTML, like Gecko) Chrome/142.0.0.0 Safari/537.36",127.0.0.1,204,1
2025-11-14T13:13:26.153013,/openapi,GET,curl/8.7.1,127.0.0.1,404,0
2025-11-14T13:13:36.233367,/openapi.json,GET,curl/8.7.1,127.0.0.1,200,8
2025-11-14T13:13:51.451129,/docs,GET,curl/8.7.1,127.0.0.1,200,0
2025-11-14T13:14:49.552918,/favicon.ico,GET,"Mozilla/5.0 (Macintosh; Intel Mac OS X 10_15_7) AppleWebKit/537.36 (KHTML, like Gecko) Chrome/142.0.0.0 Safari/537.36",127.0.0.1,204,0
2025-11-14T13:14:55.780989,/openapi,GET,"Mozilla/5.0 (Macintosh; Intel Mac OS X 10_15_7) AppleWebKit/537.36 (KHTML, like Gecko) Chrome/142.0.0.0 Safari/537.36",127.0.0.1,404,1
2025-11-14T13:14:55.854347,/favicon.ico,GET,"Mozilla/5.0 (Macintosh; Intel Mac OS X 10_15_7) AppleWebKit/537.36 (KHTML, like Gecko) Chrome/142.0.0.0 Safari/537.36",127.0.0.1,204,0
2025-11-14T13:16:20.827937,//openapi,GET,curl/8.7.1,127.0.0.1,404,0
2025-11-14T13:16:28.185799,//openapi.json,GET,curl/8.7.1,127.0.0.1,404,0
2025-11-14T13:16:28.193568,//docs,GET,curl/8.7.1,127.0.0.1,404,0
2025-11-14T13:18:06.322592,//openapi,GET,curl/8.7.1,127.0.0.1,404,0
2025-11-14T13:18:12.152638,/openapi,GET,curl/8.7.1,127.0.0.1,404,0
2025-11-14T13:18:16.393496,/openapi.json,GET,curl/8.7.1,127.0.0.1,200,8
2025-11-14T13:18:30.734857,/api/v1//chat,POST,curl/8.7.1,127.0.0.1,404,0
2025-11-14T13:18:41.832718,/api/v1/chat,POST,curl/8.7.1,127.0.0.1,200,6127
2025-11-14T13:18:53.816247,//api//v1//generate-api-key,GET,curl/8.7.1,127.0.0.1,404,0
2025-11-14T13:19:10.399005,/api/v1/generate-api-key,GET,curl/8.7.1,127.0.0.1,200,0
2025-11-14T13:19:19.642040,//openapi.json,GET,curl/8.7.1,127.0.0.1,404,0
2025-11-14T13:19:19.649385,/api/v1//chat,POST,curl/8.7.1,127.0.0.1,404,0
2025-11-14T13:19:19.655863,/health/,GET,curl/8.7.1,127.0.0.1,307,0
2025-11-14T13:19:19.662193,/api/v1/generate-api-key,GET,curl/8.7.1,127.0.0.1,200,0
2025-11-14T13:19:19.669088,/docs,GET,curl/8.7.1,127.0.0.1,200,0
2025-11-14T13:24:43.341066,/openapi,GET,"Mozilla/5.0 (Macintosh; Intel Mac OS X 10_15_7) AppleWebKit/537.36 (KHTML, like Gecko) Chrome/142.0.0.0 Safari/537.36",127.0.0.1,404,0
2025-11-14T13:24:43.399192,/favicon.ico,GET,"Mozilla/5.0 (Macintosh; Intel Mac OS X 10_15_7) AppleWebKit/537.36 (KHTML, like Gecko) Chrome/142.0.0.0 Safari/537.36",127.0.0.1,204,0
2025-11-14T13:25:00.728146,/openapi,GET,"Mozilla/5.0 (Macintosh; Intel Mac OS X 10_15_7) AppleWebKit/537.36 (KHTML, like Gecko) Chrome/142.0.0.0 Safari/537.36",127.0.0.1,404,1
2025-11-14T13:25:00.800554,/favicon.ico,GET,"Mozilla/5.0 (Macintosh; Intel Mac OS X 10_15_7) AppleWebKit/537.36 (KHTML, like Gecko) Chrome/142.0.0.0 Safari/537.36",127.0.0.1,204,0
2025-11-14T13:25:04.941025,/openapi.json,GET,"Mozilla/5.0 (Macintosh; Intel Mac OS X 10_15_7) AppleWebKit/537.36 (KHTML, like Gecko) Chrome/142.0.0.0 Safari/537.36",127.0.0.1,200,1
2025-11-14T13:25:05.021174,/favicon.ico,GET,"Mozilla/5.0 (Macintosh; Intel Mac OS X 10_15_7) AppleWebKit/537.36 (KHTML, like Gecko) Chrome/142.0.0.0 Safari/537.36",127.0.0.1,204,0
2025-11-14T13:25:53.785257,/favicon.ico,GET,"Mozilla/5.0 (Macintosh; Intel Mac OS X 10_15_7) AppleWebKit/537.36 (KHTML, like Gecko) Chrome/142.0.0.0 Safari/537.36",127.0.0.1,204,0
2025-11-14T13:26:00.992958,/favicon.ico,GET,"Mozilla/5.0 (Macintosh; Intel Mac OS X 10_15_7) AppleWebKit/537.36 (KHTML, like Gecko) Chrome/142.0.0.0 Safari/537.36",127.0.0.1,204,0
2025-11-14T13:26:04.855737,/favicon.ico,GET,"Mozilla/5.0 (Macintosh; Intel Mac OS X 10_15_7) AppleWebKit/537.36 (KHTML, like Gecko) Chrome/142.0.0.0 Safari/537.36",127.0.0.1,204,0
2025-11-14T13:27:32.237560,/favicon.ico,GET,"Mozilla/5.0 (Macintosh; Intel Mac OS X 10_15_7) AppleWebKit/537.36 (KHTML, like Gecko) Chrome/142.0.0.0 Safari/537.36",127.0.0.1,204,0
2025-11-14T13:30:32.280330,/api/v1/generate-api-key,GET,curl/8.7.1,127.0.0.1,200,0
2025-11-14T13:30:39.246908,/health,GET,curl/8.7.1,127.0.0.1,200,0
2025-11-14T14:26:31.552836,/api/v1/document,GET,"Mozilla/5.0 (Macintosh; Intel Mac OS X 10_15_7) AppleWebKit/537.36 (KHTML, like Gecko) Chrome/142.0.0.0 Safari/537.36",127.0.0.1,404,0
2025-11-14T14:26:31.656023,/favicon.ico,GET,"Mozilla/5.0 (Macintosh; Intel Mac OS X 10_15_7) AppleWebKit/537.36 (KHTML, like Gecko) Chrome/142.0.0.0 Safari/537.36",127.0.0.1,204,1
2025-11-14T14:26:41.481029,/favicon.ico,GET,"Mozilla/5.0 (Macintosh; Intel Mac OS X 10_15_7) AppleWebKit/537.36 (KHTML, like Gecko) Chrome/142.0.0.0 Safari/537.36",127.0.0.1,204,1
2025-11-14T14:26:46.142032,/favicon.ico,GET,"Mozilla/5.0 (Macintosh; Intel Mac OS X 10_15_7) AppleWebKit/537.36 (KHTML, like Gecko) Chrome/142.0.0.0 Safari/537.36",127.0.0.1,204,0
2025-11-14T14:26:49.097555,/favicon.ico,GET,"Mozilla/5.0 (Macintosh; Intel Mac OS X 10_15_7) AppleWebKit/537.36 (KHTML, like Gecko) Chrome/142.0.0.0 Safari/537.36",127.0.0.1,204,0
2025-11-14T14:31:52.285285,/api/v1/generate-api-key,GET,curl/8.7.1,127.0.0.1,200,0
2025-11-14T14:34:29.295643,/api/v1/generate-api-key,GET,curl/8.7.1,127.0.0.1,200,0
2025-11-14T14:38:53.234053,/favicon.ico,GET,"Mozilla/5.0 (Macintosh; Intel Mac OS X 10_15_7) AppleWebKit/537.36 (KHTML, like Gecko) Chrome/142.0.0.0 Safari/537.36",127.0.0.1,204,1
2025-11-14T14:42:07.212007,/health,GET,curl/8.7.1,127.0.0.1,200,0
2025-11-14T14:42:15.467380,/api/v1/chat,POST,curl/8.7.1,127.0.0.1,401,1
2025-11-14T14:42:29.341924,/api/v1/chat,POST,curl/8.7.1,127.0.0.1,500,7443
2025-11-14T14:43:15.783659,//health,GET,curl/8.7.1,127.0.0.1,404,0
2025-11-14T14:43:23.569730,///health,GET,curl/8.7.1,127.0.0.1,404,0
2025-11-14T14:43:40.041183,/health,GET,curl/8.7.1,127.0.0.1,200,0
2025-11-14T14:44:13.786587,//api/v1/documents,GET,"Mozilla/5.0 (Macintosh; Intel Mac OS X 10_15_7) AppleWebKit/537.36 (KHTML, like Gecko) Chrome/142.0.0.0 Safari/537.36",127.0.0.1,404,0
2025-11-14T14:44:13.884974,/favicon.ico,GET,"Mozilla/5.0 (Macintosh; Intel Mac OS X 10_15_7) AppleWebKit/537.36 (KHTML, like Gecko) Chrome/142.0.0.0 Safari/537.36",127.0.0.1,204,0
2025-11-14T14:44:22.037146,/api/v1/documents,GET,"Mozilla/5.0 (Macintosh; Intel Mac OS X 10_15_7) AppleWebKit/537.36 (KHTML, like Gecko) Chrome/142.0.0.0 Safari/537.36",127.0.0.1,405,1
2025-11-14T14:44:22.096016,/favicon.ico,GET,"Mozilla/5.0 (Macintosh; Intel Mac OS X 10_15_7) AppleWebKit/537.36 (KHTML, like Gecko) Chrome/142.0.0.0 Safari/537.36",127.0.0.1,204,0
2025-11-14T14:44:29.579307,/favicon.ico,GET,"Mozilla/5.0 (Macintosh; Intel Mac OS X 10_15_7) AppleWebKit/537.36 (KHTML, like Gecko) Chrome/142.0.0.0 Safari/537.36",127.0.0.1,204,1
2025-11-14T14:44:35.483395,/favicon.ico,GET,"Mozilla/5.0 (Macintosh; Intel Mac OS X 10_15_7) AppleWebKit/537.36 (KHTML, like Gecko) Chrome/142.0.0.0 Safari/537.36",127.0.0.1,204,0
2025-11-14T14:44:37.622872,/openapi.json,GET,"Mozilla/5.0 (Macintosh; Intel Mac OS X 10_15_7) AppleWebKit/537.36 (KHTML, like Gecko) Chrome/142.0.0.0 Safari/537.36",127.0.0.1,200,26
2025-11-14T14:44:37.690177,/favicon.ico,GET,"Mozilla/5.0 (Macintosh; Intel Mac OS X 10_15_7) AppleWebKit/537.36 (KHTML, like Gecko) Chrome/142.0.0.0 Safari/537.36",127.0.0.1,204,0
2025-11-14T14:44:39.142540,/favicon.ico,GET,"Mozilla/5.0 (Macintosh; Intel Mac OS X 10_15_7) AppleWebKit/537.36 (KHTML, like Gecko) Chrome/142.0.0.0 Safari/537.36",127.0.0.1,204,0
2025-11-14T14:44:41.021607,/openapi,GET,"Mozilla/5.0 (Macintosh; Intel Mac OS X 10_15_7) AppleWebKit/537.36 (KHTML, like Gecko) Chrome/142.0.0.0 Safari/537.36",127.0.0.1,404,0
2025-11-14T14:44:41.085304,/favicon.ico,GET,"Mozilla/5.0 (Macintosh; Intel Mac OS X 10_15_7) AppleWebKit/537.36 (KHTML, like Gecko) Chrome/142.0.0.0 Safari/537.36",127.0.0.1,204,0
2025-11-14T14:44:42.703787,/favicon.ico,GET,"Mozilla/5.0 (Macintosh; Intel Mac OS X 10_15_7) AppleWebKit/537.36 (KHTML, like Gecko) Chrome/142.0.0.0 Safari/537.36",127.0.0.1,204,0
2025-11-14T14:44:43.879182,//openapi,GET,"Mozilla/5.0 (Macintosh; Intel Mac OS X 10_15_7) AppleWebKit/537.36 (KHTML, like Gecko) Chrome/142.0.0.0 Safari/537.36",127.0.0.1,404,0
2025-11-14T14:44:43.918984,/favicon.ico,GET,"Mozilla/5.0 (Macintosh; Intel Mac OS X 10_15_7) AppleWebKit/537.36 (KHTML, like Gecko) Chrome/142.0.0.0 Safari/537.36",127.0.0.1,204,0
2025-11-14T14:44:45.674652,/favicon.ico,GET,"Mozilla/5.0 (Macintosh; Intel Mac OS X 10_15_7) AppleWebKit/537.36 (KHTML, like Gecko) Chrome/142.0.0.0 Safari/537.36",127.0.0.1,204,0
2025-11-14T14:44:48.604043,/docs,GET,"Mozilla/5.0 (Macintosh; Intel Mac OS X 10_15_7) AppleWebKit/537.36 (KHTML, like Gecko) Chrome/142.0.0.0 Safari/537.36",127.0.0.1,200,0
2025-11-14T14:44:48.650022,/openapi.json,GET,"Mozilla/5.0 (Macintosh; Intel Mac OS X 10_15_7) AppleWebKit/537.36 (KHTML, like Gecko) Chrome/142.0.0.0 Safari/537.36",127.0.0.1,200,0
2025-11-14T14:44:56.045678,/,GET,"Mozilla/5.0 (Macintosh; Intel Mac OS X 10_15_7) AppleWebKit/537.36 (KHTML, like Gecko) Chrome/142.0.0.0 Safari/537.36",127.0.0.1,200,0
2025-11-14T14:44:56.118680,/favicon.ico,GET,"Mozilla/5.0 (Macintosh; Intel Mac OS X 10_15_7) AppleWebKit/537.36 (KHTML, like Gecko) Chrome/142.0.0.0 Safari/537.36",127.0.0.1,204,0
2025-11-14T14:45:42.214053,/api/v1/chat,POST,"Mozilla/5.0 (Macintosh; Intel Mac OS X 10_15_7) AppleWebKit/537.36 (KHTML, like Gecko) Chrome/142.0.0.0 Safari/537.36",127.0.0.1,401,2
2025-11-14T14:46:00.208507,/api/v1/chat,POST,"Mozilla/5.0 (Macintosh; Intel Mac OS X 10_15_7) AppleWebKit/537.36 (KHTML, like Gecko) Chrome/142.0.0.0 Safari/537.36",127.0.0.1,200,6572
2025-11-14T14:54:31.248402,/api/v1/generate-api-key,POST,"Mozilla/5.0 (Macintosh; Intel Mac OS X 10_15_7) AppleWebKit/537.36 (KHTML, like Gecko) Chrome/142.0.0.0 Safari/537.36",127.0.0.1,200,0
2025-11-14T14:54:42.053004,/api/v1/chat,POST,"Mozilla/5.0 (Macintosh; Intel Mac OS X 10_15_7) AppleWebKit/537.36 (KHTML, like Gecko) Chrome/142.0.0.0 Safari/537.36",127.0.0.1,401,2
2025-11-14T14:57:32.143895,/api/v1/generate-api-key,GET,"Mozilla/5.0 (Macintosh; Intel Mac OS X 10_15_7) AppleWebKit/537.36 (KHTML, like Gecko) Chrome/142.0.0.0 Safari/537.36",127.0.0.1,200,1
2025-11-14T14:57:39.626935,/api/v1/generate-api-key,GET,"Mozilla/5.0 (Macintosh; Intel Mac OS X 10_15_7) AppleWebKit/537.36 (KHTML, like Gecko) Chrome/142.0.0.0 Safari/537.36",127.0.0.1,200,0
2025-11-14T17:00:19.374604,/api/v1/documents,POST,curl/8.7.1,127.0.0.1,401,1
2025-11-14T17:00:30.022866,/api/v1/generate-api-key,GET,curl/8.7.1,127.0.0.1,200,1
2025-11-14T17:07:39.192009,/api/v1/documents,POST,"Mozilla/5.0 (Macintosh; Intel Mac OS X 10_15_7) AppleWebKit/537.36 (KHTML, like Gecko) Chrome/142.0.0.0 Safari/537.36",127.0.0.1,401,2
2025-11-14T17:31:01.987946,/docs,GET,"Mozilla/5.0 (Macintosh; Intel Mac OS X 10_15_7) AppleWebKit/537.36 (KHTML, like Gecko) Chrome/142.0.0.0 Safari/537.36",127.0.0.1,200,0
2025-11-14T17:31:02.176170,/openapi.json,GET,"Mozilla/5.0 (Macintosh; Intel Mac OS X 10_15_7) AppleWebKit/537.36 (KHTML, like Gecko) Chrome/142.0.0.0 Safari/537.36",127.0.0.1,200,10
2025-11-14T17:31:30.347335,/redocs,GET,"Mozilla/5.0 (Macintosh; Intel Mac OS X 10_15_7) AppleWebKit/537.36 (KHTML, like Gecko) Chrome/142.0.0.0 Safari/537.36",127.0.0.1,404,1
2025-11-14T17:31:30.415406,/favicon.ico,GET,"Mozilla/5.0 (Macintosh; Intel Mac OS X 10_15_7) AppleWebKit/537.36 (KHTML, like Gecko) Chrome/142.0.0.0 Safari/537.36",127.0.0.1,204,0
2025-11-14T17:31:34.553128,/redoc,GET,"Mozilla/5.0 (Macintosh; Intel Mac OS X 10_15_7) AppleWebKit/537.36 (KHTML, like Gecko) Chrome/142.0.0.0 Safari/537.36",127.0.0.1,200,1
2025-11-14T17:31:34.626377,/openapi.json,GET,"Mozilla/5.0 (Macintosh; Intel Mac OS X 10_15_7) AppleWebKit/537.36 (KHTML, like Gecko) Chrome/142.0.0.0 Safari/537.36",127.0.0.1,200,0
2025-11-14T17:31:43.161334,/favicon.ico,GET,"Mozilla/5.0 (Macintosh; Intel Mac OS X 10_15_7) AppleWebKit/537.36 (KHTML, like Gecko) Chrome/142.0.0.0 Safari/537.36",127.0.0.1,204,1
2025-11-14T17:31:47.739087,/health,GET,"Mozilla/5.0 (Macintosh; Intel Mac OS X 10_15_7) AppleWebKit/537.36 (KHTML, like Gecko) Chrome/142.0.0.0 Safari/537.36",127.0.0.1,200,1
2025-11-14T17:32:35.643281,/api/v1/documents,POST,"Mozilla/5.0 (Macintosh; Intel Mac OS X 10_15_7) AppleWebKit/537.36 (KHTML, like Gecko) Chrome/142.0.0.0 Safari/537.36",127.0.0.1,500,5
2025-11-14T17:39:29.400026,/health,GET,curl/8.7.1,127.0.0.1,200,0
2025-11-14T17:40:42.904724,/api/v1/documents,POST,curl/8.7.1,127.0.0.1,200,5124
2025-11-14T17:43:43.591398,/api/v1/documents,POST,curl/8.7.1,127.0.0.1,200,4080
2025-11-14T17:52:28.332205,/api/v1/documents,POST,curl/8.7.1,127.0.0.1,200,4278
2025-11-14T17:58:20.350023,/api/v1/documents,POST,curl/8.7.1,127.0.0.1,200,4073
2025-11-14T18:02:01.743957,/api/v1/documents,POST,curl/8.7.1,127.0.0.1,200,3960
2025-11-14T18:51:48.983229,/api/v1/generate-api-key,GET,curl/8.7.1,127.0.0.1,200,0
2025-11-14T18:52:16.100030,/api/v1/pipeline/status,GET,curl/8.7.1,127.0.0.1,200,0
2025-11-14T18:53:14.797003,/openapi.json,GET,curl/8.7.1,127.0.0.1,200,12
2025-11-14T19:52:02.226308,//,GET,"Mozilla/5.0 (Macintosh; Intel Mac OS X 10_15_7) AppleWebKit/537.36 (KHTML, like Gecko) Chrome/142.0.0.0 Safari/537.36",127.0.0.1,404,1
2025-11-14T19:52:02.378539,/favicon.ico,GET,"Mozilla/5.0 (Macintosh; Intel Mac OS X 10_15_7) AppleWebKit/537.36 (KHTML, like Gecko) Chrome/142.0.0.0 Safari/537.36",127.0.0.1,204,0
2025-11-14T19:52:13.682370,/,GET,"Mozilla/5.0 (Macintosh; Intel Mac OS X 10_15_7) AppleWebKit/537.36 (KHTML, like Gecko) Chrome/142.0.0.0 Safari/537.36",127.0.0.1,200,1
2025-11-14T19:52:14.087710,/favicon.ico,GET,"Mozilla/5.0 (Macintosh; Intel Mac OS X 10_15_7) AppleWebKit/537.36 (KHTML, like Gecko) Chrome/142.0.0.0 Safari/537.36",127.0.0.1,204,0
2025-11-14T19:52:16.697801,/favicon.ico,GET,"Mozilla/5.0 (Macintosh; Intel Mac OS X 10_15_7) AppleWebKit/537.36 (KHTML, like Gecko) Chrome/142.0.0.0 Safari/537.36",127.0.0.1,204,1
2025-11-14T19:57:52.262316,/openapi.json,GET,curl/8.7.1,127.0.0.1,200,12
2025-11-14T19:58:25.134277,/openapi.json,GET,curl/8.7.1,127.0.0.1,200,0
2025-11-14T19:58:55.953608,/openapi.json,GET,curl/8.7.1,127.0.0.1,200,0
2025-11-14T19:59:30.780009,/api/v1/pipeline/status,GET,curl/8.7.1,127.0.0.1,200,0
2025-11-14T20:00:10.994837,/docs,GET,"Mozilla/5.0 (Macintosh; Intel Mac OS X 10_15_7) AppleWebKit/537.36 (KHTML, like Gecko) Chrome/142.0.0.0 Safari/537.36",127.0.0.1,200,0
2025-11-14T20:00:11.054461,/openapi.json,GET,"Mozilla/5.0 (Macintosh; Intel Mac OS X 10_15_7) AppleWebKit/537.36 (KHTML, like Gecko) Chrome/142.0.0.0 Safari/537.36",127.0.0.1,200,1
2025-11-14T20:00:38.084029,/api/v1/generate-api-key,GET,"Mozilla/5.0 (Macintosh; Intel Mac OS X 10_15_7) AppleWebKit/537.36 (KHTML, like Gecko) Chrome/142.0.0.0 Safari/537.36",127.0.0.1,200,1
2025-11-14T20:00:46.294786,/api/v1/pipeline/status,GET,"Mozilla/5.0 (Macintosh; Intel Mac OS X 10_15_7) AppleWebKit/537.36 (KHTML, like Gecko) Chrome/142.0.0.0 Safari/537.36",127.0.0.1,200,1
2025-11-14T20:45:44.445884,/api/v1/pipeline/status,GET,curl/8.7.1,127.0.0.1,200,0
2025-11-14T20:52:00.862498,/api/v1/pipeline/status,GET,curl/8.7.1,127.0.0.1,200,0
2025-11-14T20:55:32.482037,/api/v1/pipeline/status,GET,curl/8.7.1,127.0.0.1,200,0
2025-11-14T20:59:23.072285,/api/v1/pipeline/status,GET,curl/8.7.1,127.0.0.1,200,2
2025-11-14T21:08:19.572578,/docs,GET,"Mozilla/5.0 (Macintosh; Intel Mac OS X 10_15_7) AppleWebKit/537.36 (KHTML, like Gecko) Chrome/142.0.0.0 Safari/537.36",127.0.0.1,200,0
2025-11-14T21:08:19.746105,/openapi.json,GET,"Mozilla/5.0 (Macintosh; Intel Mac OS X 10_15_7) AppleWebKit/537.36 (KHTML, like Gecko) Chrome/142.0.0.0 Safari/537.36",127.0.0.1,200,33
2025-11-14T21:08:24.660807,/health,GET,"Mozilla/5.0 (Macintosh; Intel Mac OS X 10_15_7) AppleWebKit/537.36 (KHTML, like Gecko) Chrome/142.0.0.0 Safari/537.36",127.0.0.1,200,1
2025-11-14T21:08:42.414205,/api/v1/generate-api-key,POST,"Mozilla/5.0 (Macintosh; Intel Mac OS X 10_15_7) AppleWebKit/537.36 (KHTML, like Gecko) Chrome/142.0.0.0 Safari/537.36",127.0.0.1,200,0
2025-11-14T21:09:06.575706,/api/v1/documents,POST,"Mozilla/5.0 (Macintosh; Intel Mac OS X 10_15_7) AppleWebKit/537.36 (KHTML, like Gecko) Chrome/142.0.0.0 Safari/537.36",127.0.0.1,200,8737
2025-11-14T21:09:24.147270,/api/v1/pipeline/status,GET,"Mozilla/5.0 (Macintosh; Intel Mac OS X 10_15_7) AppleWebKit/537.36 (KHTML, like Gecko) Chrome/142.0.0.0 Safari/537.36",127.0.0.1,200,1
2025-11-14T21:16:08.061071,/api/v1/documents,POST,curl/8.7.1,127.0.0.1,401,1
2025-11-14T21:16:21.360574,/api/v1/generate-api-key,POST,curl/8.7.1,127.0.0.1,200,0
2025-11-14T21:16:55.501387,/api/v1/documents,POST,curl/8.7.1,127.0.0.1,200,2655
2025-11-14T21:17:08.713720,/api/v1/pipeline/status,GET,curl/8.7.1,127.0.0.1,200,0
2025-11-14T21:19:25.893310,/health,GET,curl/8.7.1,127.0.0.1,200,0
2025-11-14T21:51:07.768051,/api/v1/pipeline/status,GET,curl/8.7.1,127.0.0.1,200,1
2025-11-14T21:54:10.019533,/api/v1/documents,POST,curl/8.7.1,127.0.0.1,200,7187
2025-11-14T21:56:04.954443,/api/v1/pipeline/status,GET,curl/8.7.1,127.0.0.1,200,0
2025-11-14T22:07:51.830303,/api/v1/pipeline/status,GET,curl/8.7.1,127.0.0.1,200,15
2025-11-14T22:11:58.039462,/api/v1/documents,POST,curl/8.7.1,127.0.0.1,200,4012
2025-11-14T22:25:23.473614,/docs,GET,"Mozilla/5.0 (Macintosh; Intel Mac OS X 10_15_7) AppleWebKit/537.36 (KHTML, like Gecko) Chrome/142.0.0.0 Safari/537.36",127.0.0.1,200,0
2025-11-14T22:25:23.646807,/openapi.json,GET,"Mozilla/5.0 (Macintosh; Intel Mac OS X 10_15_7) AppleWebKit/537.36 (KHTML, like Gecko) Chrome/142.0.0.0 Safari/537.36",127.0.0.1,200,20
2025-11-14T22:26:25.069648,/api/v1/pipeline/status,GET,"Mozilla/5.0 (Macintosh; Intel Mac OS X 10_15_7) AppleWebKit/537.36 (KHTML, like Gecko) Chrome/142.0.0.0 Safari/537.36",127.0.0.1,401,2
2025-11-14T22:26:35.791176,/api/v1/generate-api-key,POST,"Mozilla/5.0 (Macintosh; Intel Mac OS X 10_15_7) AppleWebKit/537.36 (KHTML, like Gecko) Chrome/142.0.0.0 Safari/537.36",127.0.0.1,200,1
2025-11-14T22:26:37.552958,/api/v1/generate-api-key,POST,"Mozilla/5.0 (Macintosh; Intel Mac OS X 10_15_7) AppleWebKit/537.36 (KHTML, like Gecko) Chrome/142.0.0.0 Safari/537.36",127.0.0.1,200,1
2025-11-14T22:26:38.233550,/api/v1/generate-api-key,POST,"Mozilla/5.0 (Macintosh; Intel Mac OS X 10_15_7) AppleWebKit/537.36 (KHTML, like Gecko) Chrome/142.0.0.0 Safari/537.36",127.0.0.1,200,0
2025-11-14T22:26:47.624757,/api/v1/pipeline/status,GET,"Mozilla/5.0 (Macintosh; Intel Mac OS X 10_15_7) AppleWebKit/537.36 (KHTML, like Gecko) Chrome/142.0.0.0 Safari/537.36",127.0.0.1,200,30
2025-11-14T22:27:23.973356,/api/v1/generate-api-key,GET,"Mozilla/5.0 (Macintosh; Intel Mac OS X 10_15_7) AppleWebKit/537.36 (KHTML, like Gecko) Chrome/142.0.0.0 Safari/537.36",127.0.0.1,405,0
2025-11-14T22:27:24.102887,/favicon.ico,GET,"Mozilla/5.0 (Macintosh; Intel Mac OS X 10_15_7) AppleWebKit/537.36 (KHTML, like Gecko) Chrome/142.0.0.0 Safari/537.36",127.0.0.1,204,0
2025-11-14T22:28:15.687393,/api/v1/documents,POST,"Mozilla/5.0 (Macintosh; Intel Mac OS X 10_15_7) AppleWebKit/537.36 (KHTML, like Gecko) Chrome/142.0.0.0 Safari/537.36",127.0.0.1,200,6234
2025-11-14T22:44:39.228513,/api/v1/documents,POST,curl/8.7.1,127.0.0.1,200,4429
2025-11-14T22:45:51.373697,/api/v1/pipeline/status,GET,curl/8.7.1,127.0.0.1,200,4
2025-11-14T23:25:18.615170,/api/v1/generate-api-key,GET,"Mozilla/5.0 (Macintosh; Intel Mac OS X 10_15_7) AppleWebKit/537.36 (KHTML, like Gecko) Chrome/142.0.0.0 Safari/537.36",127.0.0.1,200,1
2025-11-14T23:25:18.726255,/favicon.ico,GET,"Mozilla/5.0 (Macintosh; Intel Mac OS X 10_15_7) AppleWebKit/537.36 (KHTML, like Gecko) Chrome/142.0.0.0 Safari/537.36",127.0.0.1,204,0
2025-11-14T23:25:26.410151,/docs,GET,"Mozilla/5.0 (Macintosh; Intel Mac OS X 10_15_7) AppleWebKit/537.36 (KHTML, like Gecko) Chrome/142.0.0.0 Safari/537.36",127.0.0.1,200,1
2025-11-14T23:25:26.591595,/openapi.json,GET,"Mozilla/5.0 (Macintosh; Intel Mac OS X 10_15_7) AppleWebKit/537.36 (KHTML, like Gecko) Chrome/142.0.0.0 Safari/537.36",127.0.0.1,200,21
2025-11-14T23:34:07.300975,/docs,GET,"Mozilla/5.0 (Macintosh; Intel Mac OS X 10_15_7) AppleWebKit/537.36 (KHTML, like Gecko) Chrome/142.0.0.0 Safari/537.36",127.0.0.1,200,1
2025-11-14T23:34:07.478302,/openapi.json,GET,"Mozilla/5.0 (Macintosh; Intel Mac OS X 10_15_7) AppleWebKit/537.36 (KHTML, like Gecko) Chrome/142.0.0.0 Safari/537.36",127.0.0.1,200,24
2025-11-14T23:34:23.281805,/api/v1/documents,POST,"Mozilla/5.0 (Macintosh; Intel Mac OS X 10_15_7) AppleWebKit/537.36 (KHTML, like Gecko) Chrome/142.0.0.0 Safari/537.36",127.0.0.1,200,2468
2025-11-14T23:38:29.804842,/api/v1/documents,POST,curl/8.7.1,127.0.0.1,200,1939
2025-11-14T23:39:42.333364,/docs,GET,"Mozilla/5.0 (Macintosh; Intel Mac OS X 10_15_7) AppleWebKit/537.36 (KHTML, like Gecko) Chrome/142.0.0.0 Safari/537.36",127.0.0.1,200,0
2025-11-14T23:39:42.488161,/openapi.json,GET,"Mozilla/5.0 (Macintosh; Intel Mac OS X 10_15_7) AppleWebKit/537.36 (KHTML, like Gecko) Chrome/142.0.0.0 Safari/537.36",127.0.0.1,200,16
2025-11-14T23:39:48.397936,/api/v1/pipeline/status,GET,"Mozilla/5.0 (Macintosh; Intel Mac OS X 10_15_7) AppleWebKit/537.36 (KHTML, like Gecko) Chrome/142.0.0.0 Safari/537.36",127.0.0.1,401,0
2025-11-14T23:39:54.187062,/api/v1/generate-api-key,GET,"Mozilla/5.0 (Macintosh; Intel Mac OS X 10_15_7) AppleWebKit/537.36 (KHTML, like Gecko) Chrome/142.0.0.0 Safari/537.36",127.0.0.1,200,0
2025-11-14T23:40:02.538791,/api/v1/pipeline/status,GET,"Mozilla/5.0 (Macintosh; Intel Mac OS X 10_15_7) AppleWebKit/537.36 (KHTML, like Gecko) Chrome/142.0.0.0 Safari/537.36",127.0.0.1,200,1
2025-11-14T23:47:32.768539,/api/v1/pipeline/status,GET,curl/8.7.1,127.0.0.1,200,1
2025-11-15T00:11:19.021463,/api/v1/pipeline/status,GET,"Mozilla/5.0 (Macintosh; Intel Mac OS X 10_15_7) AppleWebKit/537.36 (KHTML, like Gecko) Chrome/142.0.0.0 Safari/537.36",127.0.0.1,200,21
2025-11-15T00:11:22.178111,/api/v1/pipeline/status,GET,"Mozilla/5.0 (Macintosh; Intel Mac OS X 10_15_7) AppleWebKit/537.36 (KHTML, like Gecko) Chrome/142.0.0.0 Safari/537.36",127.0.0.1,200,3
2025-11-15T00:11:55.195333,/api/v1/documents,POST,"Mozilla/5.0 (Macintosh; Intel Mac OS X 10_15_7) AppleWebKit/537.36 (KHTML, like Gecko) Chrome/142.0.0.0 Safari/537.36",127.0.0.1,200,1834
2025-11-15T00:19:38.308425,/api/v1/pipeline/status,GET,"Mozilla/5.0 (Macintosh; Intel Mac OS X 10_15_7) AppleWebKit/537.36 (KHTML, like Gecko) Chrome/142.0.0.0 Safari/537.36",127.0.0.1,200,29
2025-11-15T00:20:34.841735,/api/v1/documents,POST,"Mozilla/5.0 (Macintosh; Intel Mac OS X 10_15_7) AppleWebKit/537.36 (KHTML, like Gecko) Chrome/142.0.0.0 Safari/537.36",127.0.0.1,200,2384
2025-11-15T00:29:17.195068,/api/v1/documents,POST,"Mozilla/5.0 (Macintosh; Intel Mac OS X 10_15_7) AppleWebKit/537.36 (KHTML, like Gecko) Chrome/142.0.0.0 Safari/537.36",127.0.0.1,200,2396
2025-11-15T00:31:57.619007,/api/v1/pipeline/status,GET,"Mozilla/5.0 (Macintosh; Intel Mac OS X 10_15_7) AppleWebKit/537.36 (KHTML, like Gecko) Chrome/142.0.0.0 Safari/537.36",127.0.0.1,200,20
2025-11-15T00:54:54.213541,/api/v1/pipeline/status,GET,"Mozilla/5.0 (Macintosh; Intel Mac OS X 10_15_7) AppleWebKit/537.36 (KHTML, like Gecko) Chrome/142.0.0.0 Safari/537.36",127.0.0.1,200,21
2025-11-15T00:54:54.297427,/api/v1/pipeline/status,GET,"Mozilla/5.0 (Macintosh; Intel Mac OS X 10_15_7) AppleWebKit/537.36 (KHTML, like Gecko) Chrome/142.0.0.0 Safari/537.36",127.0.0.1,200,2
2025-11-15T00:55:01.996346,/api/v1/documents,POST,"Mozilla/5.0 (Macintosh; Intel Mac OS X 10_15_7) AppleWebKit/537.36 (KHTML, like Gecko) Chrome/142.0.0.0 Safari/537.36",127.0.0.1,200,1860
2025-11-15T00:57:35.045156,/api/v1/pipeline/status,GET,"Mozilla/5.0 (Macintosh; Intel Mac OS X 10_15_7) AppleWebKit/537.36 (KHTML, like Gecko) Chrome/142.0.0.0 Safari/537.36",127.0.0.1,200,16
2025-11-15T00:57:44.320748,/api/v1/documents,POST,"Mozilla/5.0 (Macintosh; Intel Mac OS X 10_15_7) AppleWebKit/537.36 (KHTML, like Gecko) Chrome/142.0.0.0 Safari/537.36",127.0.0.1,200,1868
2025-11-15T01:01:48.813175,/api/v1/documents,POST,"Mozilla/5.0 (Macintosh; Intel Mac OS X 10_15_7) AppleWebKit/537.36 (KHTML, like Gecko) Chrome/142.0.0.0 Safari/537.36",127.0.0.1,200,1875
2025-11-15T01:13:02.731394,/api/v1/documents,POST,"Mozilla/5.0 (Macintosh; Intel Mac OS X 10_15_7) AppleWebKit/537.36 (KHTML, like Gecko) Chrome/142.0.0.0 Safari/537.36",127.0.0.1,200,1849
2025-11-15T01:21:22.401952,/api/v1/pipeline/status,GET,"Mozilla/5.0 (Macintosh; Intel Mac OS X 10_15_7) AppleWebKit/537.36 (KHTML, like Gecko) Chrome/142.0.0.0 Safari/537.36",127.0.0.1,200,17
2025-11-15T01:21:29.079423,/api/v1/documents,POST,"Mozilla/5.0 (Macintosh; Intel Mac OS X 10_15_7) AppleWebKit/537.36 (KHTML, like Gecko) Chrome/142.0.0.0 Safari/537.36",127.0.0.1,200,1882
2025-11-15T01:25:13.919078,/api/v1/pipeline/status,GET,"Mozilla/5.0 (Macintosh; Intel Mac OS X 10_15_7) AppleWebKit/537.36 (KHTML, like Gecko) Chrome/142.0.0.0 Safari/537.36",127.0.0.1,200,15
2025-11-15T01:25:23.972713,/api/v1/documents,POST,"Mozilla/5.0 (Macintosh; Intel Mac OS X 10_15_7) AppleWebKit/537.36 (KHTML, like Gecko) Chrome/142.0.0.0 Safari/537.36",127.0.0.1,200,1871
2025-11-15T01:25:40.432955,/api/v1/documents,POST,"Mozilla/5.0 (Macintosh; Intel Mac OS X 10_15_7) AppleWebKit/537.36 (KHTML, like Gecko) Chrome/142.0.0.0 Safari/537.36",127.0.0.1,200,3660
2025-11-15T01:25:49.551359,/api/v1/pipeline/status,GET,"Mozilla/5.0 (Macintosh; Intel Mac OS X 10_15_7) AppleWebKit/537.36 (KHTML, like Gecko) Chrome/142.0.0.0 Safari/537.36",127.0.0.1,200,5
2025-11-15T01:26:04.135037,/api/v1/pipeline/status,GET,"Mozilla/5.0 (Macintosh; Intel Mac OS X 10_15_7) AppleWebKit/537.36 (KHTML, like Gecko) Chrome/142.0.0.0 Safari/537.36",127.0.0.1,200,2
2025-11-15T01:30:11.339332,/api/v1/pipeline/status,GET,"Mozilla/5.0 (Macintosh; Intel Mac OS X 10_15_7) AppleWebKit/537.36 (KHTML, like Gecko) Chrome/142.0.0.0 Safari/537.36",127.0.0.1,200,23
2025-11-15T01:30:19.338501,/api/v1/documents,POST,"Mozilla/5.0 (Macintosh; Intel Mac OS X 10_15_7) AppleWebKit/537.36 (KHTML, like Gecko) Chrome/142.0.0.0 Safari/537.36",127.0.0.1,200,4227
2025-11-15T01:30:24.250492,/api/v1/pipeline/status,GET,"Mozilla/5.0 (Macintosh; Intel Mac OS X 10_15_7) AppleWebKit/537.36 (KHTML, like Gecko) Chrome/142.0.0.0 Safari/537.36",127.0.0.1,200,3
2025-11-15T01:31:46.044336,/api/v1/chat,POST,"Mozilla/5.0 (Macintosh; Intel Mac OS X 10_15_7) AppleWebKit/537.36 (KHTML, like Gecko) Chrome/142.0.0.0 Safari/537.36",127.0.0.1,200,3029
2025-11-15T01:32:09.589335,/api/v1/chat,POST,"Mozilla/5.0 (Macintosh; Intel Mac OS X 10_15_7) AppleWebKit/537.36 (KHTML, like Gecko) Chrome/142.0.0.0 Safari/537.36",127.0.0.1,200,4094
2025-11-15T11:14:53.189260,/api/v1/pipeline/status,GET,curl/8.7.1,127.0.0.1,200,2
2025-11-15T11:28:48.821111,/api/v1/documents,POST,curl/8.7.1,127.0.0.1,200,5275
2025-11-15T11:30:59.540824,/api/v1/pipeline/status,GET,curl/8.7.1,127.0.0.1,200,3
2025-11-15T11:33:18.094683,/api/v1/chat,POST,curl/8.7.1,127.0.0.1,200,3037
2025-11-15T11:52:11.468927,/api/v1/chat,POST,"Mozilla/5.0 (Macintosh; Intel Mac OS X 10_15_7) AppleWebKit/537.36 (KHTML, like Gecko) Chrome/142.0.0.0 Safari/537.36",127.0.0.1,200,4883
2025-11-15T11:57:00.993536,/api/v1/chat,POST,"Mozilla/5.0 (Macintosh; Intel Mac OS X 10_15_7) AppleWebKit/537.36 (KHTML, like Gecko) Chrome/142.0.0.0 Safari/537.36",127.0.0.1,200,6855
2025-11-15T12:04:09.460929,/api/v1/chat,POST,"Mozilla/5.0 (Macintosh; Intel Mac OS X 10_15_7) AppleWebKit/537.36 (KHTML, like Gecko) Chrome/142.0.0.0 Safari/537.36",127.0.0.1,200,6115
2025-11-15T12:07:27.598118,/api/v1/documents,POST,"Mozilla/5.0 (Macintosh; Intel Mac OS X 10_15_7) AppleWebKit/537.36 (KHTML, like Gecko) Chrome/142.0.0.0 Safari/537.36",127.0.0.1,200,4140
2025-11-15T12:07:52.542246,/api/v1/pipeline/status,GET,"Mozilla/5.0 (Macintosh; Intel Mac OS X 10_15_7) AppleWebKit/537.36 (KHTML, like Gecko) Chrome/142.0.0.0 Safari/537.36",127.0.0.1,200,1
2025-11-15T12:08:12.748431,/api/v1/chat,POST,"Mozilla/5.0 (Macintosh; Intel Mac OS X 10_15_7) AppleWebKit/537.36 (KHTML, like Gecko) Chrome/142.0.0.0 Safari/537.36",127.0.0.1,200,2460
2025-11-15T12:08:58.978696,/api/v1/chat,POST,"Mozilla/5.0 (Macintosh; Intel Mac OS X 10_15_7) AppleWebKit/537.36 (KHTML, like Gecko) Chrome/142.0.0.0 Safari/537.36",127.0.0.1,200,6416
2025-11-15T12:13:02.124682,/api/v1/chat,POST,"Mozilla/5.0 (Macintosh; Intel Mac OS X 10_15_7) AppleWebKit/537.36 (KHTML, like Gecko) Chrome/142.0.0.0 Safari/537.36",127.0.0.1,200,7086
2025-11-15T12:25:46.427437,/api/v1/chat,POST,"Mozilla/5.0 (Macintosh; Intel Mac OS X 10_15_7) AppleWebKit/537.36 (KHTML, like Gecko) Chrome/142.0.0.0 Safari/537.36",127.0.0.1,200,6875
